<?xml version="1.0" ?>
<!DOCTYPE msxconfig SYSTEM 'msxconfig2.dtd'>
<msxconfig>

  <info>
    <manufacturer>openMSX Team</manufacturer>
    <code>Boosted MSXturboR</code>
    <release_year>2013</release_year>
    <description>A super-charged Panasonic FS-A1GT with IDE interface.</description>
    <type>MSXturboR</type>
    <region>jp</region>
  </info>

  <RenShaTurbo>
    <min_ints>47</min_ints>
    <max_ints>221</max_ints>
  </RenShaTurbo>

  <MapperReadBackBits>largest</MapperReadBackBits>

  <PanasonicRom id="Firmware ROM">
    <rom>
      <sha1>e779c338eb91a7dea3ff75f3fde76b8af22c4a3a</sha1>
      <sha1>5fa3aa79aeba2c0441f349e78e9a16d9d64422ea</sha1>
      <filename>fs-a1gt_firmware.rom</filename>
    </rom>
  </PanasonicRom>

  <devices>

    <primary slot="0">

      <secondary slot="0">
        <ROM id="MSX BIOS with BASIC ROM">
          <mem base="0x0000" size="0x8000"/>
          <mappertype>DRAM</mappertype>
          <rom>
            <firstblock>40</firstblock>
            <lastblock>43</lastblock>
          </rom>
        </ROM>
      </secondary>

      <secondary slot="1">
        <SunriseIDE id="Sunrise IDE">
          <mem base="0x0000" size="0x10000"/>
          <rom>
            <filename>ide250.dat</filename>
            <sha1>93e41c7d479bc90c1d1f6d081af20fd9924b8ada</sha1>
          </rom>
          <master>
            <type>IDEHD</type>
            <filename>hd.dsk</filename>
            <size>100</size>
          </master>
          <slave>
            <type>IDECDROM</type>
          </slave>
        </SunriseIDE>
      </secondary>

      <secondary slot="2">
        <MSX-MUSIC id="MSX Music">
          <mem base="0x4000" size="0x4000"/>
          <io base="0x7C" num="2" type="O"/>
          <rom>
            <firstblock>62</firstblock>
            <lastblock>63</lastblock>
          </rom>
          <sound>
            <volume>9000</volume>
            <balance>-75</balance>
          </sound>
          <ym2413-core>NukeYKT</ym2413-core>
        </MSX-MUSIC>
        <ROM id="BASIC Compiler">
          <rom>
            <filename>phc-70fd2_basickun.rom</filename>
            <sha1>22b3191d865010264001b9d896186a9818478a6b</sha1>
          </rom>
          <mem base="0x8000" size="0x4000"/>
        </ROM>
      </secondary>

      <secondary slot="3">
        <ROM id="MSX Opening ROM">
          <mem base="0x4000" size="0x4000"/>
          <rom>
            <firstblock>36</firstblock>
            <lastblock>37</lastblock>
          </rom>
        </ROM>
      </secondary>

    </primary>

    <primary slot="1" external="true"/>

    <primary slot="2">

      <secondary slot="0" external="true"/>

      <secondary slot="1" external="true"/>

      <secondary slot="2">
        <MegaRam id="MegaRam">
          <io base="0x8e" num="1"/>
          <mem base="0x0000" size="0x10000"/>
          <size>512</size>
        </MegaRam>
      </secondary>

      <secondary slot="3">
        <SCCplus id="Konami SCC+ Cartridge with expanded RAM">
          <mem base="0x4000" size="0x8000"/>
          <subtype>expanded</subtype>
          <sound>
            <volume>13000</volume>
          </sound>
        </SCCplus>
      </secondary>

    </primary>

    <primary slot="3">

      <secondary slot="0">
        <PanasonicRAM id="Main RAM">
          <mem base="0x0000" size="0x10000"/>
          <size>2048</size>
        </PanasonicRAM>
      </secondary>

      <secondary slot="1">
        <ROM id="MSX Sub ROM">
          <mem base="0x0000" size="0x4000"/>
          <mappertype>DRAM</mappertype>
          <rom>
            <firstblock>56</firstblock>
            <lastblock>57</lastblock>
          </rom>
        </ROM>
        <ROM id="MSX Kanji Driver with BASIC">
          <mem base="0x4000" size="0x8000"/>
          <mappertype>DRAM</mappertype>
          <rom>
            <firstblock>58</firstblock>
            <lastblock>61</lastblock>
          </rom>
        </ROM>
      </secondary>

      <secondary slot="2">
        <TC8566AF id="Memory Mapped FDC">
          <io_regs>7FF2</io_regs>
          <mem base="0x4000" size="0x8000"/>
          <rom>
            <firstblock>48</firstblock>
            <lastblock>55</lastblock>
          </rom>
          <drives>2</drives>
        </TC8566AF>
      </secondary>

      <secondary slot="3">
        <ROM id="Firmware">
          <mem base="0x0000" size="0x10000"/>
          <mappertype>PANASONIC</mappertype>
          <rom>
            <firstblock>0</firstblock>
            <lastblock>511</lastblock>
          </rom>
          <sramsize>32</sramsize>
          <sram-mirrored>false</sram-mirrored>
          <sramname>Boosted_MSXturboR.sram</sramname>
          <device idref="Main RAM"/>
        </ROM>
      </secondary>

    </primary>

    <MSX-AUDIO id="Generic MSX-Audio">
      <io base="0xC0" num="2"/>
      <io base="0x0A" num="1" type="O"/>
      <type>Philips</type>
      <sound>
        <volume>12000</volume>
        <balance>75</balance>
      </sound>
      <sampleram>256</sampleram>
    </MSX-AUDIO>

    <MusicModuleMIDI id="Generic MSX-Audio-MIDI">
      <io base="0x00" num="2" type="O"/>
      <io base="0x04" num="2" type="I"/>
    </MusicModuleMIDI>

    <MoonSound id="Sunrise MoonSound">
      <io base="0x7e" num="2"/>
      <io base="0xc4" num="4"/>
      <rom>
        <sha1>32760893ce06dbe3930627755ba065cc3d8ec6ca</sha1>
        <filename>yrw801.rom</filename>
      </rom>
      <sound>
        <volume>17000</volume>
      </sound>
      <sampleram>640</sampleram>
    </MoonSound>

    <Kanji id="Kanji ROM">
      <io base="0xD8" num="4"/>
      <rom>
        <sha1>5aff2d9b6efc723bc395b0f96f0adfa83cc54a49</sha1>
        <filename>fs-a1gt_kanjifont.rom</filename>
      </rom>
    </Kanji>

    <S1990 id="S1990">
      <io base="0xE4" num="2"/>
    </S1990>

    <T9769 id="T9769">
      <subtype>C</subtype>
    </T9769>

    <PPI id="ppi">
      <io base="0xA8" num="4"/>
      <sound>
        <volume>16000</volume>
      </sound>
      <key_ghosting>false</key_ghosting>
      <keyboard_type>jp_jis</keyboard_type>
      <has_keypad>true</has_keypad>
      <has_yesno_keys>true</has_yesno_keys>
      <key_ghosting_sgc_protected>false</key_ghosting_sgc_protected>
      <code_kana_locks>true</code_kana_locks>
      <graph_locks>false</graph_locks>
    </PPI>

    <VDP id="VDP">
      <io base="0x98" num="4" type="O"/>
      <io base="0x98" num="2" type="I"/>
      <version>V9958</version>
      <vram>192</vram>
    </VDP>

    <V9990 id="Sunrise GFX9000">
      <io base="0x60" num="0x0f"/>
    </V9990>
    <Video9000 id="Video9000">
      <io base="0x6f" num="0x01"/>
      <device idref="VDP"/>
      <device idref="Sunrise GFX9000"/>
    </Video9000>

    <PSG id="PSG">
      <io base="0xA0" num="2" type="O"/>
      <io base="0xA2" num="1" type="I"/>
      <sound>
        <volume>21000</volume>
      </sound>
      <keyboardlayout>JIS</keyboardlayout>
      <ignorePortDirections>true</ignorePortDirections> <!-- highest compatibility -->
    </PSG>

    <PSG id="PSG 2">
      <io base="0x10" num="2" type="O"/>
      <io base="0x12" num="1" type="I"/>
      <sound>
        <volume>21000</volume>
      </sound>
    </PSG>

    <RTC id="Real time clock">
      <io base="0xB4" num="2" type="O"/>
      <io base="0xB5" num="1" type="I"/>
      <sramname>Boosted_MSXturboR.cmos</sramname>
    </RTC>

    <PrinterPort id="Printer Port">
      <io base="0x90" num="2"/>
    </PrinterPort>

    <E6Timer id="Turbo-R timer">
      <io base="0xE6" num="2"/>
    </E6Timer>

    <ResetStatusRegister id="Reset Status register">
      <io base="0xF4" num="1"/>
      <inverted>false</inverted>
    </ResetStatusRegister>

    <TurboRPause id="TurboRPause">
      <io base="0xA7" num="1"/>
    </TurboRPause>

    <TurboRPCM id="PCM">
      <io base="0xA4" num="2"/>
      <sound>
        <volume>21000</volume>
      </sound>
    </TurboRPCM>

    <MSX-MIDI id="MSX-Midi">
      <io base="0xE8" num="8"/>
    </MSX-MIDI>

  </devices>

</msxconfig>
