<?xml version="1.0" ?>
<!DOCTYPE msxconfig SYSTEM 'msxconfig2.dtd'>
<msxconfig>

  <info>
    <manufacturer>Daewoo</manufacturer>
    <code>DPC-100</code>
    <release_year>1984</release_year>
    <description>Basic MSX1 for the Korean market with 16kB RAM.</description>
    <type>MSX</type>
    <region>kr</region>
  </info>

  <CassettePort/>

  <devices>

    <PPI id="ppi">
      <sound>
        <volume>16000</volume>
      </sound>
      <io base="0xA8" num="4"/>
      <keyboard_type>kr</keyboard_type>
      <has_keypad>false</has_keypad>
      <key_ghosting_sgc_protected>false</key_ghosting_sgc_protected>
      <code_kana_locks>true</code_kana_locks>
      <graph_locks>false</graph_locks>
    </PPI>

    <VDP id="VDP">
      <version>TMS99X8A</version>
      <io base="0x98" num="2"/>
    </VDP>

    <PSG id="PSG">
      <sound>
        <volume>21000</volume>
      </sound>
      <io base="0xA0" num="2" type="O"/>
      <io base="0xA2" num="1" type="I"/>
      <ignorePortDirections>false</ignorePortDirections> <!-- not sure, but guess based on discrete PSG chip -->
    </PSG>

    <PrinterPort id="Printer Port">
      <io base="0x90" num="2"/>
    </PrinterPort>

    <primary slot="0">
      <ROM id="MSX BIOS with BASIC ROM">
        <rom>
          <filename>dpc-100_basic-bios1.rom</filename>
          <sha1>171b587bd5a947a13f3114120b6e7baca3b57d78</sha1>
        </rom>
        <mem base="0x0000" size="0x8000"/>
      </ROM>
      <ROM id="MSX Hangul Driver">
        <rom>
          <filename>dpc-100_hangul.rom</filename>
          <sha1>4421fa2504cbce18f7c84b5ea97f04e017007f07</sha1>
        </rom>
        <mem base="0x8000" size="0x4000"/>
      </ROM>
    </primary>

    <primary external="true" slot="1"/>

    <primary slot="2">
      <RAM id="Main RAM">
        <mem base="0xC000" size="0x4000"/>
      </RAM>
    </primary>

    <!-- Note: this connector is actually a non-standard expansion connector on the back -->
    <primary external="true" slot="3"/>

  </devices>

</msxconfig>
