<?xml version="1.0" ?>
<!DOCTYPE msxconfig SYSTEM 'msxconfig2.dtd'>
<msxconfig>

  <info>
    <manufacturer>Gradiente</manufacturer>
    <code>Expert XP-800</code>
    <release_year>1985</release_year>
    <description>Brazillian MSX1 based on the National CF-3000, also known as the Expert 1.0</description>
    <type>MSX</type>
    <region>br</region>
  </info>

  <CassettePort/>

  <devices>

    <PPI id="ppi">
      <sound>
        <volume>16000</volume>
      </sound>
      <io base="0xA8" num="4"/>
      <keyboard_type>br_gradiente_1_0</keyboard_type> <!-- rom-bios keyboard type indicates international but the actual mapping tables are brazilian -->
      <has_keypad>true</has_keypad>
      <key_ghosting_sgc_protected>true</key_ghosting_sgc_protected>
      <code_kana_locks>false</code_kana_locks>
      <graph_locks>false</graph_locks>
      <!-- Note that this machine does not have a CAPS lock LED -->
    </PPI>

    <VDP id="VDP">
      <version>TMS9128</version>
      <io base="0x98" num="2"/>
      <saturation>95</saturation>
    </VDP>

    <PSG id="PSG">
      <sound>
        <volume>21000</volume>
      </sound>
      <io base="0xA0" num="2" type="O"/>
      <io base="0xA2" num="1" type="I"/>
      <ignorePortDirections>false</ignorePortDirections> <!-- not sure, but guess based on discrete PSG chip -->
    </PSG>

    <PrinterPort id="Printer Port">
      <io base="0x90" num="2"/>
    </PrinterPort>

    <primary slot="0">
      <ROM id="MSX BIOS with BASIC ROM">
        <rom>
          <filename>expert_1.0_basic-bios1.rom</filename>
          <sha1>ef3e010eb57e4476700a3bbff9d2119ab3acdf62</sha1>
        </rom>
        <mem base="0x0000" size="0x8000"/>
      </ROM>
    </primary>

    <primary external="true" slot="1"/>

    <primary slot="2">
      <RAM id="Main RAM">
        <mem base="0x0000" size="0x10000"/>
      </RAM>
    </primary>

    <primary external="true" slot="3"/>

  </devices>

</msxconfig>
