<?xml version="1.0" ?>
<!DOCTYPE msxconfig SYSTEM 'msxconfig2.dtd'>
<msxconfig>

  <info>
    <manufacturer>Hitachi</manufacturer>
    <code>MB-H1</code>
    <release_year></release_year>
    <description>The Humanicatio... a very compact Japanese MSX1 with built in software and 32kB RAM.</description>
    <type>MSX</type>
    <region>jp</region>
  </info>

<!-- Thanks to Ricardo Jurczyk Pinheiro for the information.
     Serial: 4008501A
     Z80: Sharp LH0080A
     PSG: GI AY-3-8910
     PPI: NEC D8255AC-5
     VDP: TMS9918ANL

	Z80 scf: 01ED29ED01FC29FC (standard)
	Z80 cpl: 3AFF12D7 (standard)
	Z80 out (c),0: 0 (MSX)
	PSG pin 6/7 quirk: C (YES)
-->

  <CassettePort/>

  <devices>

    <PPI id="ppi">
      <sound>
        <volume>16000</volume>
      </sound>
      <io base="0xA8" num="4"/>
      <keyboard_type>jp_ansi</keyboard_type>
      <has_keypad>false</has_keypad>
      <key_ghosting_sgc_protected>false</key_ghosting_sgc_protected>
      <code_kana_locks>true</code_kana_locks>
      <graph_locks>false</graph_locks>
    </PPI>

    <VDP id="VDP">
      <version>TMS9918A</version>
      <io base="0x98" num="2"/>
    </VDP>

    <PSG id="PSG">
      <type>AY8910</type> <!-- in contrast to ident.bas, so YM2149 PSG mask -->
      <keyboardlayout>50on</keyboardlayout>
      <sound>
        <volume>21000</volume>
      </sound>
      <io base="0xA0" num="2" type="O"/>
      <io base="0xA2" num="1" type="I"/>
      <ignorePortDirections>false</ignorePortDirections> <!-- not sure, but guess based on discrete PSG chip -->
    </PSG>

    <PrinterPort id="Printer Port">
      <io base="0x90" num="2"/>
    </PrinterPort>

    <primary slot="0">
      <RAM id="Main RAM">
        <mem base="0x8000" size="0x8000"/>
      </RAM>
      <ROM id="MSX BIOS with BASIC ROM">
        <rom>
          <filename>mb-h1_basic-bios1.rom</filename>
          <sha1>302afb5d8be26c758309ca3df611ae69cced2821</sha1>
        </rom>
        <mem base="0x0000" size="0x8000"/>
      </ROM>
    </primary>

    <primary external="true" slot="1"/>

    <primary external="true" slot="2"/>

    <primary slot="3">
      <ROM id="MB-H1 firmware">
        <rom>
          <filename>mb-h1_firmware.rom</filename>
          <sha1>3e005832138ffde8b1c36025754f81c2112b236d</sha1>
        </rom>
        <mem base="0x4000" size="0x2000"/>
      </ROM>
    </primary>

  </devices>

</msxconfig>
