<?xml version="1.0" ?>
<!DOCTYPE msxconfig SYSTEM 'msxconfig2.dtd'>
<msxconfig>

 <!-- hardware picture info from the ML-G1 with serial SP 00330
      see http://bilgisayarlarim.com/Mitsubishi/ML-G1

      CPU: NEC D780C-1
      S3527 MSX-ENGINE
      RF out via LVA510
  -->

  <info>
    <manufacturer>Mitsubishi</manufacturer>
    <code>ML-G1 (ES)</code>
    <release_year>1986</release_year>
    <description>The ML-G10 adapted for the Spanish market.</description>
    <type>MSX2</type>
    <region>es</region>
  </info>

  <MapperReadBackBits>largest</MapperReadBackBits>

  <CassettePort/>

  <devices>

    <PPI id="ppi">
      <sound>
        <volume>16000</volume>
      </sound>
      <io base="0xA8" num="4"/>
      <keyboard_type>es</keyboard_type>
      <has_keypad>false</has_keypad>
      <key_ghosting_sgc_protected>true</key_ghosting_sgc_protected>
      <code_kana_locks>false</code_kana_locks>
      <graph_locks>false</graph_locks>
    </PPI>

    <VDP id="VDP">
      <version>V9938</version>
      <vram>128</vram>
      <io base="0x98" num="8" type="O"/> <!-- S-3527 mirrors -->
      <io base="0x98" num="8" type="I"/> <!-- S-3527 mirrors -->
    </VDP>

    <PSG id="PSG">
      <type>YM2149</type> <!-- in S-3527 MSX-ENGINE -->
      <sound>
        <volume>21000</volume>
      </sound>
      <io base="0xA0" num="2" type="O"/>
      <io base="0xA2" num="1" type="I"/>
      <ignorePortDirections>true</ignorePortDirections> <!-- not sure, but guess based on use of Engine IC -->
    </PSG>

    <RTC id="Real time clock">
      <sramname>ml-g1_es.cmos</sramname>
      <io base="0xB4" num="2" type="O"/>
      <io base="0xB5" num="1" type="I"/>
    </RTC>

    <PrinterPort id="Printer Port">
      <io base="0x90" num="2"/>
    </PrinterPort>

    <primary slot="0">
      <ROM id="MSX BIOS with BASIC ROM">
        <rom>
          <filename>ml-g1_es_basic-bios2.rom</filename>
          <sha1>e4fdf518a8b9c8ab4290c21b83be2c347965fc24</sha1>
        </rom>
        <mem base="0x0000" size="0x8000"/>
      </ROM>
    </primary>

    <primary external="true" slot="1"/>

    <primary external="true" slot="2"/>

    <primary slot="3">

      <secondary slot="0">
        <ROM id="MSX Sub ROM">
          <rom>
            <filename>ml-g1_es_msx2sub.rom</filename>
            <sha1>1e9a955943aeea9b1807ddf1250ba6436d8dd276</sha1>
          </rom>
          <mem base="0x0000" size="0x4000"/> <!-- no mirroring -->
        </ROM>
      </secondary>

      <secondary slot="1"/>

      <secondary slot="2">
        <RAM id="Main RAM">
          <mem base="0x0000" size="0x10000"/>
        </RAM>
      </secondary>

      <secondary slot="3">
        <ROM id="MSX Designer">
          <rom>
            <filename>ml-g1_paint.rom</filename>
            <sha1>5cf0abca6dbcf940bc33c433ecb4e4ada02fbfe6</sha1>
          </rom>
          <mem base="0x0000" size="0x8000"/> <!-- no mirroring -->
        </ROM>
      </secondary>

    </primary>

  </devices>

</msxconfig>
