<?xml version="1.0" ?>
<!DOCTYPE msxconfig SYSTEM 'msxconfig2.dtd'>
<msxconfig>

  <info>
    <manufacturer>National</manufacturer>
    <code>CF-3300</code>
    <release_year>1985</release_year>
    <description>Desktop Japanese MSX1 with 64kB RAM and built in disk drive.</description>
    <type>MSX</type>
    <region>jp</region>
  </info>

  <CassettePort/>

  <devices>

    <PPI id="ppi">
      <sound>
        <volume>16000</volume>
      </sound>
      <io base="0xA8" num="4"/>
      <keyboard_type>jp_ansi</keyboard_type>
      <has_keypad>true</has_keypad>
      <key_ghosting_sgc_protected>false</key_ghosting_sgc_protected>
      <code_kana_locks>true</code_kana_locks>
      <graph_locks>false</graph_locks>
    </PPI>

    <VDP id="VDP">
      <version>TMS99X8A</version>
      <io base="0x98" num="2"/>
    </VDP>

    <PSG id="PSG">
      <keyboardlayout>50on</keyboardlayout>
      <sound>
        <volume>21000</volume>
      </sound>
      <io base="0xA0" num="2" type="O"/>
      <io base="0xA2" num="1" type="I"/>
      <ignorePortDirections>false</ignorePortDirections> <!-- not sure, but guess based on discrete PSG chip of CF-3000 -->
    </PSG>

    <PrinterPort id="Printer Port">
      <io base="0x90" num="2"/>
    </PrinterPort>

    <primary slot="0">
      <ROM id="MSX BIOS with BASIC ROM">
        <rom>
          <filename>cf-3300_basic-bios1.rom</filename>
          <sha1>c7a2c5baee6a9f0e1c6ee7d76944c0ab1886796c</sha1>
        </rom>
        <mem base="0x0000" size="0x8000"/>
      </ROM>
    </primary>

    <primary external="true" slot="1"/>

    <primary external="true" slot="2"/>

    <primary slot="3">

      <secondary slot="0">
        <RAM id="Main RAM">
          <mem base="0x0000" size="0x10000"/>
        </RAM>
      </secondary>

      <secondary slot="1">
        <WD2793 id="Memory Mapped FDC">
          <connectionstyle>National</connectionstyle>
          <drives>1</drives>
          <rom>
            <filename>cf-3300_disk.rom</filename>
            <sha1>f1525de4e0b60a6687156c2a96f8a8b2044b6c56</sha1>
          </rom>
          <mem base="0x4000" size="0x8000"/>
        </WD2793>
      </secondary>

      <secondary slot="2"/>

      <secondary slot="3"/>

    </primary>

  </devices>

</msxconfig>
