<?xml version="1.0" ?>
<!DOCTYPE msxconfig SYSTEM 'msxconfig2.dtd'>
<msxconfig>

  <info>
    <manufacturer>Panasonic</manufacturer>
    <code>CF-2700 (DE)</code>
    <release_year>1985</release_year>
    <description>Basic MSX1 achine for the German market with 64kB RAM. One of the few European MSX machines by Panasonic. One of the most common MSX machines in Germany.</description>
    <type>MSX</type>
    <region>de</region>
  </info>

<!-- hap:
CPU: NEC D780C-1
PPI: NEC D8255AC-2
PSG: GI AY-3-8910A - ANSI
VDP: under heat sink (TMS9129 probably: has sprite clones, screen 2 mirrored,
no 4k/16k effect)
crystal: same for cpu/vdp/psg
-->

  <CassettePort/>

  <devices>

    <PPI id="ppi">
      <sound>
        <volume>16000</volume>
      </sound>
      <io base="0xA8" num="8"/> <!-- mirroring confirmed by hap -->
      <keyboard_type>de</keyboard_type>
      <has_keypad>false</has_keypad>
      <key_ghosting_sgc_protected>false</key_ghosting_sgc_protected>
      <code_kana_locks>false</code_kana_locks>
      <graph_locks>false</graph_locks>
    </PPI>

    <VDP id="VDP">
      <version>TMS9129</version>
      <io base="0x98" num="8"/> <!-- mirroring confirmed by hap -->
      <initialContent encoding="hex">FF00</initialContent>
    </VDP>

    <PSG id="PSG">
      <type>AY8910</type>
      <sound>
        <volume>21000</volume>
      </sound>
      <io base="0xA0" num="2" type="O"/>
      <io base="0xA2" num="1" type="I"/>
      <ignorePortDirections>false</ignorePortDirections> <!-- not sure, but guess based on discrete PSG chip -->
    </PSG>

    <PrinterPort id="Printer Port">
      <io base="0x90" num="2"/>
    </PrinterPort>

    <primary slot="0">
      <ROM id="MSX BIOS with BASIC ROM">
        <rom>
          <filename>cf-2700_basic-bios1_german.rom</filename>
          <sha1>69bf27b610e11437dad1f7a1c37a63179a293d12</sha1> <!-- Verified on n_n's machine -->
        </rom>
        <mem base="0x0000" size="0x8000"/>
      </ROM>
    </primary>

    <primary slot="1">
       <RAM id="Main RAM">
         <mem base="0x0000" size="0x10000"/>
       </RAM>
    </primary>

    <primary external="true" slot="2"/>

    <primary external="true" slot="3"/>

  </devices>

</msxconfig>
