<?xml version="1.0" ?>
<!DOCTYPE msxconfig SYSTEM 'msxconfig2.dtd'>
<msxconfig>

  <info>
    <manufacturer>Pioneer</manufacturer>
    <code>PX-V60</code>
    <release_year>1985?</release_year>
    <description>Japanese MSX1 with LaserDisc controller support, 32kB RAM, superimpose (not emulated outside LaserDisc support). Simpler version of PX-7, targeted for schools.</description>
    <type>MSX</type>
    <region>jp</region>
  </info>

  <!--
  From: http://usbsecretbase.michikusa.jp/px-7_v60/px-v60_pcb.html
  MSX-ENGINE: S3527
  CPU: Sharp LH0080A
  VDP: TMS9128NL (TMS9918 with RGB output)
  -->

  <CassettePort/>

  <devices>

    <PPI id="ppi">
      <sound>
        <volume>16000</volume>
      </sound>
      <io base="0xA8" num="4"/>
      <keyboard_type>jp_jis</keyboard_type>
      <has_keypad>false</has_keypad>
      <key_ghosting_sgc_protected>true</key_ghosting_sgc_protected>
      <code_kana_locks>true</code_kana_locks>
      <graph_locks>false</graph_locks>
      <!-- there are three extra keys -->
      <!-- row 9, bit 0: super-impose -->
      <!-- row 9, bit 1: video -->
      <!-- row 9, bit 2: computer -->
    </PPI>

    <VDP id="VDP">
      <version>TMS9128</version>
      <io base="0x98" num="8"/> <!-- S3527 mirrors -->
    </VDP>

    <PSG id="PSG">
      <!-- volume of SCC sounds off on real hardware. How to measure? -->
      <sound>
        <volume>21000</volume>
      </sound>
      <type>YM2149</type> <!-- in S3527 MSX-ENGINE -->
      <io base="0xA0" num="2" type="O"/>
      <io base="0xA2" num="1" type="I"/>
      <ignorePortDirections>true</ignorePortDirections> <!-- not sure, but guess based on use of Engine IC -->
    </PSG>

    <PrinterPort id="Printer Port">
      <io base="0x90" num="2"/>
    </PrinterPort>

    <primary slot="0">
      <ROM id="MSX BIOS with BASIC ROM">
        <rom>
          <filename>px-v60_basic-bios1.rom</filename>
          <sha1>302afb5d8be26c758309ca3df611ae69cced2821</sha1>
        </rom>
        <mem base="0x0000" size="0x8000"/>
      </ROM>
      <RAM id="Main RAM">
        <mem base="0x8000" size="0x8000"/>
      </RAM>
    </primary>

    <primary external="true" slot="1"/>

    <primary slot="2">
      <PioneerLDControl id="PBASIC">
        <rom>
          <filename>px-v60_pbasic.rom</filename>
          <sha1>4f0102cdc27216fd9bcdb9663db728d2ccd8ca6d</sha1>
        </rom>
        <mem base="0x4000" size="0x4000"/>
        <device idref="ppi"/>
        <device idref="VDP"/>
      </PioneerLDControl>
    </primary>

    <primary external="true" slot="3"/>

  </devices>

</msxconfig>
