<?xml version="1.0" ?>
<!DOCTYPE msxconfig SYSTEM 'msxconfig2.dtd'>
<msxconfig>

  <info>
    <manufacturer>Sanyo</manufacturer>
    <code>PHC-28P</code>
    <release_year>?</release_year>
    <description>German version of the PHC-28L. Basic 64kB MSX1.</description>
    <type>MSX</type>
    <region>de</region>
  </info>

 <!--
      PSG: Yamaha YM2149F
      CPU: SHARP LH0080A
      PPI: Mitsubishi M5L8255AP-5
      RAM: 8x MB118-15
      VDP: TMS9929ANL

      Info from pictures of machine with serial number 63400419.

      slot layout based on French version.
  -->

  <CassettePort/>

  <devices>

    <PPI id="ppi">
      <sound>
        <volume>16000</volume>
      </sound>
      <io base="0xA8" num="4"/>
      <keyboard_type>de</keyboard_type>
      <has_keypad>false</has_keypad>
      <key_ghosting_sgc_protected>true</key_ghosting_sgc_protected>
      <code_kana_locks>false</code_kana_locks> <!-- not tested -->
      <graph_locks>false</graph_locks> <!-- not tested -->
    </PPI>

    <VDP id="VDP">
      <version>TMS9929A</version>
      <io base="0x98" num="2"/>
    </VDP>

    <PSG id="PSG">
      <type>YM2149</type>
      <sound>
        <volume>21000</volume>
      </sound>
      <io base="0xA0" num="2" type="O"/>
      <io base="0xA2" num="1" type="I"/>
      <ignorePortDirections>false</ignorePortDirections> <!-- not sure, but guess based on discrete PSG chip -->
    </PSG>

    <PrinterPort id="Printer Port">
      <io base="0x90" num="2"/>
    </PrinterPort>

    <primary slot="0">
      <ROM id="MSX BIOS with BASIC ROM">
        <rom>
          <filename>phc-28p_basic-bios1.rom</filename>
          <sha1>38a645febd0e0fe86d594f27c2d14be995acc730</sha1>
        </rom>
        <mem base="0x0000" size="0x8000"/>
      </ROM>
    </primary>

    <primary external="true" slot="1"/>

    <primary external="true" slot="2"/>

    <primary slot="3">

      <RAM id="Main RAM">
        <mem base="0x0000" size="0x10000"/>
      </RAM>

    </primary>

  </devices>

</msxconfig>
