<?xml version="1.0" ?>
<!DOCTYPE msxconfig SYSTEM 'msxconfig2.dtd'>
<msxconfig>

  <!--
       Based on Werner Kai's black Sony HB-201 with serial 214484

       VDP: TMS9118NL
       PPI: NEC D8255AC-5
       CPU: Sharp LH0080A
       PSG: Yamaha YM2149F

       Z80 scf: 01C529ED01D429C (dunno)
       Z80 cpl: 3AF12D7 (standard)
       Z80 out (c),0: 0 (MSX)
       PSG pin 6/7 quirk: C (YES)

       Unmapped area of page 3 in slot 0-0 shows 0xB0 on every location
       
       https://plus.google.com/u/0/photos/112629367302659371233/albums/6155580084905562801

   -->

  <info>
    <manufacturer>Sony</manufacturer>
    <code>HB-201</code>
    <release_year>1985</release_year>
    <description>Like the HB-101, but with 64kB RAM.</description>
    <type>MSX</type>
    <region>jp</region>
  </info>

  <CassettePort/>

  <devices>

    <PPI id="ppi">
      <sound>
        <volume>16000</volume>
      </sound>
      <io base="0xA8" num="4"/>
      <keyboard_type>jp_ansi</keyboard_type>
      <has_keypad>false</has_keypad>
      <key_ghosting_sgc_protected>false</key_ghosting_sgc_protected>
      <code_kana_locks>true</code_kana_locks>
      <graph_locks>false</graph_locks>
    </PPI>

    <VDP id="VDP">
      <version>TMS9118</version>
      <io base="0x98" num="2"/>
    </VDP>

    <PSG id="PSG">
      <type>YM2149</type>
      <keyboardlayout>50on</keyboardlayout>
      <sound>
        <volume>21000</volume>
      </sound>
      <io base="0xA0" num="2" type="O"/>
      <io base="0xA2" num="1" type="I"/>
      <ignorePortDirections>false</ignorePortDirections> <!-- not sure, but guess based on discrete PSG chip -->
    </PSG>

    <PrinterPort id="Printer Port">
      <io base="0x90" num="2"/>
    </PrinterPort>

    <primary slot="0">
      <ROM id="MSX BIOS with BASIC ROM">
        <rom>
          <filename>hb-201_basic-bios1.rom</filename>
          <sha1>302afb5d8be26c758309ca3df611ae69cced2821</sha1>
        </rom>
        <mem base="0x0000" size="0x8000"/>
      </ROM>
      <ROM id="Personal Data Bank">
        <rom>
          <filename>hb-201_firmware.rom</filename>
          <sha1>0f4f09f1a6ef7535b243afabfb44a3a0eb0498d9</sha1>
        </rom>
        <mem base="0x8000" size="0x4000"/>
      </ROM>
    </primary>

    <primary external="true" slot="1"/>

    <primary external="true" slot="2"/>

    <primary slot="3">
      <RAM id="Main RAM">
        <mem base="0x0000" size="0x10000"/>
      </RAM>
    </primary>

  </devices>

</msxconfig>
