<?xml version="1.0" ?>
<!DOCTYPE msxconfig SYSTEM 'msxconfig2.dtd'>
<msxconfig>

  <info>
    <manufacturer>Spectravideo</manufacturer>
    <code>SVI-328</code>
    <release_year>1983</release_year>
    <description>Non-MSX machine, which was heavy inspiration for the MSX standard.</description>
    <type>SVI</type>
    <region>eu</region>
  </info>

  <CassettePort/>

  <devices>

    <SVIPPI id="SVI-328 PPI">
      <key_ghosting>true</key_ghosting>
      <sound>
        <volume>16000</volume>
      </sound>
      <io base="0x94" num="4" type="O"/>
      <io base="0x98" num="4" type="I"/>
      <keyboard_type>svi</keyboard_type>
      <has_keypad>true</has_keypad>
      <key_ghosting_sgc_protected>true</key_ghosting_sgc_protected>
      <code_kana_locks>false</code_kana_locks>
      <graph_locks>false</graph_locks>
    </SVIPPI>

    <VDP id="VDP">
      <version>TMS9929A</version>
      <io base="0x80" num="2" type="O"/>
      <io base="0x84" num="2" type="I"/>
    </VDP>

    <SVIPSG id="SVI-328 PSG">
      <type>AY8910</type>
      <sound>
        <volume>21000</volume>
      </sound>
      <io base="0x88" num="1" type="O"/>
      <io base="0x8C" num="1" type="O"/>
      <io base="0x90" num="1" type="I"/>
    </SVIPSG>

    <primary slot="0">
      <ROM id="Spectravideo SVI-328 BASIC v1.11">
        <rom>
          <filename>svi-3x8_v111.rom</filename>
          <sha1>10349ce675f6d6d47f0976e39cb7188eba858d89</sha1>
        </rom>
        <mem base="0x0000" size="0x8000"/>
      </ROM>
      <RAM id="Main RAM 1">
        <mem base="0x8000" size="0x8000"/>
      </RAM>
    </primary>

    <primary external="true" slot="1"/>

    <primary slot="2">
      <RAM id="Main RAM 2">
        <mem base="0x0000" size="0x8000"/>
      </RAM>
    </primary>

  </devices>

</msxconfig>
