<?xml version="1.0" ?>
<!DOCTYPE msxconfig SYSTEM 'msxconfig2.dtd'>
<msxconfig>

  <info>
    <manufacturer>Talent</manufacturer>
    <code>DPC-200</code>
    <release_year>?</release_year>
    <description>Daewoo's DPC-200 localized for Argentina.</description>
    <type>MSX</type>
    <region>ar</region>
  </info>

  <CassettePort/>

  <devices>

    <PPI id="ppi">
      <sound>
        <volume>16000</volume>
      </sound>
      <io base="0xA8" num="4"/>
      <keyboard_type>es</keyboard_type>
      <has_keypad>false</has_keypad>
      <key_ghosting_sgc_protected>true</key_ghosting_sgc_protected>
      <code_kana_locks>false</code_kana_locks>
      <graph_locks>false</graph_locks>
    </PPI>

    <VDP id="VDP">
      <version>TMS9129</version>
      <io base="0x98" num="2"/>
    </VDP>

    <PSG id="PSG">
      <type>AY8910</type>
      <sound>
        <volume>21000</volume>
      </sound>
      <io base="0xA0" num="2" type="O"/>
      <io base="0xA2" num="1" type="I"/>
      <ignorePortDirections>false</ignorePortDirections> <!-- not sure, but guess based on discrete PSG chip -->
    </PSG>

    <PrinterPort id="Printer Port">
      <io base="0x90" num="2"/>
    </PrinterPort>

    <primary slot="0">
      <ROM id="MSX BIOS with BASIC ROM">
        <rom>
          <filename>talent_dpc-200_basic-bios1.rom</filename>
          <sha1>d5bf4814ea694481c8badbb8de8d56a08ee03cc0</sha1> <!-- Verified on Jetze's machine -->
        </rom>
        <mem base="0x0000" size="0x8000"/>
      </ROM>
    </primary>

    <primary slot="1">
       <RAM id="Main RAM">
         <mem base="0x0000" size="0x10000"/>
       </RAM>
    </primary>

    <primary external="true" slot="2"/>

    <!-- Note: this connector is actually a non-standard expansion connector on the back -->
    <primary external="true" slot="3"/>

  </devices>

</msxconfig>
