<?xml version="1.0" ?>
<!DOCTYPE msxconfig SYSTEM 'msxconfig2.dtd'>
<msxconfig>

  <info>
    <manufacturer>Toshiba</manufacturer>
    <code>HX-10D</code>
    <release_year></release_year>
    <description>First Toshiba MSX, with 64kB RAM.</description>
    <type>MSX</type>
    <region>jp</region>
  </info>

  <!-- Thanks to Ricardo Jurczyk Pinheiro for the information.
       Serial: 113565

       CPU: SHARP LH0080A Z80A-CPU-Z
       PPI: Toshiba TMP8255AP-5

       Z80 scf: 01ED29ED01FC29FC (standard)
       Z80 cpl: 3AFF12D7 (standard)
       Z80 out (c),0: 0 (MSX)
       PSG pin 6/7 quirk: C (YES)
   -->

  <CassettePort/>

  <devices>

    <PPI id="ppi">
      <sound>
        <volume>16000</volume>
      </sound>
      <io base="0xA8" num="4"/>
      <keyboard_type>jp_jis</keyboard_type>
      <has_keypad>false</has_keypad>
      <key_ghosting_sgc_protected>true</key_ghosting_sgc_protected>
      <code_kana_locks>true</code_kana_locks>
      <graph_locks>false</graph_locks>
    </PPI>

    <VDP id="VDP">
      <version>TMS9918A</version>
      <io base="0x98" num="2"/>
    </VDP>

    <PSG id="PSG">
      <type>AY8910</type> <!-- although ident.bas shows YM2149 PSG mask, it's likely it's still an AY-3-8910, because that one is also in the European HX-10. The one in this model has a heat sink on the PSG so we can't tell for sure -->
      <sound>
        <volume>21000</volume>
      </sound>
      <io base="0xA0" num="2" type="O"/>
      <io base="0xA2" num="1" type="I"/>
      <keyboardlayout>JIS</keyboardlayout>
      <ignorePortDirections>false</ignorePortDirections> <!-- not sure, but guess based on discrete PSG chip -->
    </PSG>

    <primary slot="0">
      <ROM id="MSX BIOS with BASIC ROM">
        <rom>
          <filename>hx-10d_basic-bios1.rom</filename>
          <sha1>302afb5d8be26c758309ca3df611ae69cced2821</sha1>
        </rom>
        <mem base="0x0000" size="0x8000"/>
      </ROM>
    </primary>

    <primary external="true" slot="1"/>

    <primary slot="2">
      <RAM id="Main RAM">
        <mem base="0x0000" size="0x10000"/>
      </RAM>
    </primary>

    <!-- Note: this connector is actually a non-standard expansion connector on the back -->
    <primary external="true" slot="3"/>

  </devices>

</msxconfig>
