<?xml version="1.0" ?>
<!DOCTYPE msxconfig SYSTEM 'msxconfig2.dtd'>
<msxconfig>
  <info>
    <name>ADVRAM</name>
    <manufacturer>Ademir Carchano</manufacturer>
    <code/>
    <release_year>2000</release_year>
    <description>A hardware modification that makes direct access to VRAM possible. This version can be enabled by software.</description>
    <type>hardware mod</type>
  </info>
  <devices>
    <primary slot="0">
      <secondary slot="?0">
        <ADVram id="ADVRAM">
          <io base="0x9a" num="1" type="I"/>
          <io base="0xfe" num="1" type="O"/>
          <mem base="0x8000" size="0x4000"/>
          <device idref="VDP"/>
          <hasEnable>true</hasEnable>
        </ADVram>
      </secondary>
    </primary>
  </devices>
</msxconfig>
