<?xml version="1.0" ?>
<!DOCTYPE msxconfig SYSTEM 'msxconfig2.dtd'>
<msxconfig>
  <info>
    <name>FM Stereo PAK</name>
    <manufacturer>Checkmark</manufacturer>
    <code/>
    <release_year>1990</release_year>
    <description>FMPAC clone (Yamaha OPLL), with home-made program.</description>
    <type>sound expansion</type>
  </info>
  <devices>
    <primary slot="any">
      <secondary slot="any">
        <MSX-MUSIC id="Checkmark FM Stereo PAK">
          <io base="0x7C" num="2" type="O"/>
          <mem base="0x0000" size="0x10000"/>
          <sound>
            <volume>13000</volume>
            <!-- melody channels left, rhythm channels right -->
            <balance channel="1-9">-100</balance>
            <balance channel="10-14">100</balance>
          </sound>
          <ym2413-core>NukeYKT</ym2413-core>
          <rom>
            <sha1>19bf90b8d2e695ffad61fff6f47f7fcda2f24a1d</sha1>
            <filename>fmpak.rom</filename>
          </rom>
        </MSX-MUSIC>
      </secondary>
    </primary>
  </devices>
</msxconfig>
