<?xml version="1.0" ?>
<!DOCTYPE msxconfig SYSTEM 'msxconfig2.dtd'>
<msxconfig>
  <info>
    <name>ESE Ramdisk</name>
    <manufacturer>ESE Artists' Factory</manufacturer>
    <code/>
    <release_year>1995?</release_year>
    <description>MSX SRAM disk.</description>
    <type>SRAM cartridge</type>
  </info>
  <devices>
    <primary slot="any">
      <secondary slot="any">
        <ESERAM id="ESE Ramdisk">
          <mem base="0x4000" size="0x8000"/>
          <sramsize>256</sramsize> <!-- this seems to be standard -->
          <sramname>ESE-RAM_256.sram</sramname>
       </ESERAM>
      </secondary>
    </primary>
  </devices>
</msxconfig>
