<?xml version="1.0" ?>
<!DOCTYPE msxconfig SYSTEM 'msxconfig2.dtd'>
<msxconfig>
  <info>
    <name>MSX MIDI</name>
    <manufacturer>JVC</manufacturer>
    <code></code>
    <release_year>1986</release_year>
    <description>JVC UK's MSX MIDI interface.</description>
    <type>MIDI cartridge</type>
  </info>
  <devices>
    <JVCMSXMIDI id="JVC MSX MIDI">
      <io base="0x00" num="1" type="I"/>
      <io base="0x02" num="2" type="O"/>
      <io base="0x02" num="2" type="I"/>
      <io base="0x08" num="1" type="I"/> <!-- mirror -->
      <io base="0x0A" num="2" type="O"/> <!-- mirror -->
      <io base="0x0A" num="2" type="I"/> <!-- mirror -->
    </JVCMSXMIDI>
  </devices>
</msxconfig>
