<?xml version="1.0" ?>
<!DOCTYPE msxconfig SYSTEM 'msxconfig2.dtd'>
<msxconfig>
  <info>
    <name>Moonblaster Stereo</name>
    <manufacturer>openMSX Team</manufacturer>
    <code/>
    <release_year>2003</release_year>
    <description>Combination of FMPAC on the left channel and generic MSX-AUDIO on the right channel.</description>
    <type>sound expansion</type>
  </info>
  <devices>
    <primary slot="any">
      <secondary slot="any">
        <FMPAC id="Panasoft SW-M004 FMPAC">
          <io base="0x7C" num="2" type="O"/>
          <mem base="0x4000" size="0x4000"/>
          <sound>
            <volume>13000</volume>
            <balance>-100</balance>
          </sound>
          <ym2413-core>NukeYKT</ym2413-core>
          <rom>
            <sha1>fec451b9256570a0e4869355a40329c57f40705f</sha1> <!-- EPROM dump, same as 9d789, but then the memory mapped registers are 0xFF -->
            <sha1>9d789166e3caf28e4742fe933d962e99618c633d</sha1>
            <filename>fmpac.rom</filename>
          </rom>
          <sramname>fmpac.pac</sramname>
        </FMPAC>
      </secondary>
    </primary>

    <MSX-AUDIO id="Generic MSX-Audio">
      <io base="0xC0" num="2"/>
      <io base="0x0A" num="1" type="O"/>
      <type>Philips</type>
      <sound>
        <volume>12000</volume>
        <balance>100</balance>
      </sound>
      <sampleram>256</sampleram>
    </MSX-AUDIO>

    <MusicModuleMIDI id="Generic MSX-Audio-MIDI">
      <io base="0x00" num="2" type="O"/>
      <io base="0x04" num="2" type="I"/>
    </MusicModuleMIDI>
  </devices>
</msxconfig>
