<?xml version="1.0" ?>
<!DOCTYPE msxconfig SYSTEM 'msxconfig2.dtd'>
<msxconfig>
  <info>
    <name>MegaRAM</name>
    <manufacturer>Digital Design</manufacturer>
    <code/>
    <release_year></release_year>
    <description>512 kB MegaRAM.</description>
    <type>RAM expansion</type>
  </info>
  <devices>
    <primary slot="any">
      <secondary slot="any">
        <MegaRam id="MegaRam">
          <io base="0x8e" num="1"/>
          <mem base="0x0000" size="0x10000"/>
          <size>512</size>
        </MegaRam>
      </secondary>
    </primary>
  </devices>
</msxconfig>
