<?xml version="1.0" ?>
<!DOCTYPE msxconfig SYSTEM 'msxconfig2.dtd'>
<msxconfig>
  <info>
    <name>MSX-DOS 2</name>
    <manufacturer>ASCII</manufacturer>
    <code/>
    <release_year>1990</release_year>
    <description>Generic MSX-DOS 2 cartridge, as was spread in Europe.</description>
    <type>OS ROM</type>
  </info>
  <devices>
    <primary slot="any">
      <secondary slot="any">
        <ROM id="MSXDOS2 cart">
          <mem base="0x4000" size="0x04000"/>
          <rom>
            <sha1>c36c9e0f96738a340381e23b4f97245388801a46</sha1>
            <sha1>51a1467d73d26c91aab7923e3be66490daaffdee</sha1>
            <sha1>0e253ee076eff37f7ee450c0b10c71763fac990b</sha1> <!-- MK DOS2.20 cartridge -->
            <filename>msxdos22.rom</filename>
          </rom>
          <mappertype>MSXDOS2</mappertype>
        </ROM>
      </secondary>
    </primary>
  </devices>
</msxconfig>
