<?xml version="1.0" ?>
<!DOCTYPE msxconfig SYSTEM 'msxconfig2.dtd'>
<msxconfig>
  <info>
    <name>2DD Micro Floppydisk Drive</name>
    <manufacturer>Philips</manufacturer>
    <code>NMS 1200</code>
    <release_year></release_year>
    <description>External Double Sided Double Density disk interface.</description>
    <type>external disk interface</type>
  </info>
  <devices>
    <primary slot="any">
      <secondary slot="any">
        <WD2793 id="Philips NMS 1200 diskROM/FDC">
          <mem base="0x4000" size="0x4000"/>
          <broken_fdc_read>false</broken_fdc_read>
          <connectionstyle>Philips</connectionstyle>
          <rom>
            <filename>nms1200_6.rom</filename>
            <sha1>f0e0447a0872a2f09d7b28d9599fdd183acb5cb2</sha1> <!-- version 6 -->
            <sha1>0b63e9cf99bc2a3d7f21cabf1cb668a6ca71ad2d</sha1> <!-- version 4 -->
          </rom>
          <drives>1</drives>
        </WD2793>
      </secondary>
    </primary>
  </devices>
</msxconfig>
