<?xml version="1.0" ?>
<!DOCTYPE msxconfig SYSTEM 'msxconfig2.dtd'>
<msxconfig>
  <info>
    <name>Memory Mapper (1 MB)</name>
    <manufacturer>openMSX Team</manufacturer>
    <code/>
    <release_year/>
    <description>1 MB memory mapper cartridge.</description>
    <type>RAM expansion</type>
  </info>
  <devices>
    <primary slot="any">
      <secondary slot="any">
        <MemoryMapper id="1MB External RAM">
          <mem base="0x0000" size="0x10000"/>
          <size>1024</size>
        </MemoryMapper>
      </secondary>
    </primary>
  </devices>
</msxconfig>
