<?xml version="1.0" ?>
<!DOCTYPE msxconfig SYSTEM 'msxconfig2.dtd'>
<msxconfig>
  <info>
    <name>MSX RS-232C Interface Unit</name>
    <manufacturer>Sanyo</manufacturer>
    <code>MRS-001</code>
    <release_year/>
    <description>Sanyo MSX RS-232C (version 1) cartridge.</description>
    <type>RS-232C cartridge</type>
  </info>
  <devices>
    <primary slot="any">
      <secondary slot="any">
        <MSX-RS232 id="Generic MSX RS-232">
          <io base="0x80" num="8"/>
          <mem base="0x4000" size="0x4000"/>
          <rom>
            <sha1>41c4810ec56ed0f61e0fc8b355d2aae91de12d99</sha1>
            <filename>mrs-001.rom</filename>
          </rom>
        </MSX-RS232>
      </secondary>
    </primary>
  </devices>
</msxconfig>
