<?xml version="1.0" ?>
<!DOCTYPE msxconfig SYSTEM 'msxconfig2.dtd'>
<msxconfig>
  <info>
    <name>MSX Floppy Disk Unit</name>
    <manufacturer>Sanyo</manufacturer>
    <code>MFD-001</code>
    <release_year></release_year>
    <description>External 5.25" disk drives.</description>
    <type>external disk drive</type>
  </info>
  <devices>
    <primary slot="any">
      <secondary slot="any">
        <WD2793 id="Sanyo MFD-001 diskROM/FDC">
          <connectionstyle>Sanyo</connectionstyle>
          <mem base="0x4000" size="0x8000"/>
          <rom>
            <sha1>bb72819da1160bc375fa3623f2d0a5424d08c89b</sha1>
            <filename>mfd-001_disk.rom</filename>
          </rom>
          <drives>2</drives>
        </WD2793>
      </secondary>
    </primary>
  </devices>
</msxconfig>
