<?xml version="1.0" ?>
<!DOCTYPE msxconfig SYSTEM 'msxconfig2.dtd'>
<msxconfig>

  <info>
    <name>Cartão 80 Colunas</name>
    <manufacturer>Sharp</manufacturer>
    <code>HB-4000</code>
    <release_year>1987</release_year>
    <description>Sharp 80 columns expansion cartridge</description>
    <type>graphics expansion</type>
  </info>

  <devices>
    <VDP id="HB-4000">
      <version>V9938</version>
      <vram>16</vram>
      <io base="0x88" num="4" type="O"/>
      <io base="0x88" num="2" type="I"/>
    </VDP>
  </devices>
</msxconfig>
