<?xml version="1.0"?>
<!DOCTYPE msxconfig SYSTEM "msxconfig2.dtd">
<msxconfig>
  <info>
    <name>RS-232C Interface Cartridge</name>
    <manufacturer>Sony</manufacturer>
    <code>HBI-232</code>
    <release_year>1985</release_year>
    <description>Sony MSX RS-232C (version 2) cartridge.</description>
    <type>RS-232C cartridge</type>
  </info>
  <devices>
    <primary slot="any">
      <secondary slot="any">
        <MSX-RS232 id="Sony MSX RS-232C">
          <ram>true</ram>
          <memorybasedio>true</memorybasedio>
          <rom>
            <sha1>b2776159a7b92d74308b434a6b3e5feba161e2b7</sha1>
            <filename>hbi-232.rom</filename>
          </rom>
          <io base="0x80" num="8"/>
          <mem base="0x0000" size="0x10000"/>
        </MSX-RS232>
      </secondary>
    </primary>
  </devices>
</msxconfig>
